{"verts":[0.000000,-0.001000,-7.500000,0.000000,0.001000,-7.500000,1.463177,0.001000,-7.355889,1.463177,-0.001000,-7.355889,2.870126,0.001000,-6.929096,2.870126,-0.001000,-6.929096,4.166777,0.001000,-6.236022,4.166777,-0.001000,-6.236022,5.303301,0.001000,-5.303301,5.303301,-0.001000,-5.303301,6.236022,0.001000,-4.166776,6.236022,-0.001000,-4.166776,6.929096,0.001000,-2.870126,6.929096,-0.001000,-2.870126,7.355889,0.001000,-1.463178,7.355889,-0.001000,-1.463178,7.500000,0.001000,-0.000001,7.500000,-0.001000,-0.000001,7.355890,0.001000,1.463176,7.355890,-0.001000,1.463176,6.929097,0.001000,2.870125,6.929097,-0.001000,2.870125,6.236022,0.001000,4.166776,6.236022,-0.001000,4.166776,5.303301,0.001000,5.303301,5.303301,-0.001000,5.303301,4.166776,0.001000,6.236022,4.166776,-0.001000,6.236022,2.870125,0.001000,6.929097,2.870125,-0.001000,6.929097,1.463176,0.001000,7.355890,1.463176,-0.001000,7.355890,-0.000002,0.001000,7.500000,-0.000002,-0.001000,7.500000,-1.463180,0.001000,7.355889,-1.463180,-0.001000,7.355889,-2.870129,0.001000,6.929095,-2.870129,-0.001000,6.929095,-4.166780,0.001000,6.236020,-4.166780,-0.001000,6.236020,-5.303304,0.001000,5.303298,-5.303304,-0.001000,5.303298,-6.236025,0.001000,4.166772,-6.236025,-0.001000,4.166772,-6.929099,0.001000,2.870120,-6.929099,-0.001000,2.870120,-7.355891,0.001000,1.463171,-7.355891,-0.001000,1.463171,-7.500000,0.001000,-0.000007,-7.500000,-0.001000,-0.000007,-7.355888,0.001000,-1.463185,-7.355888,-0.001000,-1.463185,-6.929093,0.001000,-2.870133,-6.929093,-0.001000,-2.870133,-6.236017,0.001000,-4.166784,-6.236017,-0.001000,-4.166784,-5.303294,0.001000,-5.303308,-5.303294,-0.001000,-5.303308,-4.166769,0.001000,-6.236028,-4.166769,-0.001000,-6.236028,-2.870116,0.001000,-6.929101,-1.463166,0.001000,-7.355892,-1.463166,-0.001000,-7.355892,-2.870116,-0.001000,-6.929101],
"indices":[0,1,2,3,2,4,5,4,6,7,6,8,9,8,10,11,10,12,13,12,14,15,14,16,17,16,18,19,18,20,21,20,22,23,22,24,25,24,26,27,26,28,29,28,30,31,30,32,33,32,34,35,34,36,37,36,38,39,38,40,41,40,42,43,42,44,45,44,46,47,46,48,49,48,50,51,50,52,53,52,54,55,54,56,57,56,58,59,58,60,2,1,61,62,61,22,63,60,61,0,3,5],
"texcoords":[],
"normals":[]}