{"verts":[25.000000,-0.400000,-24.999998,25.000000,-0.400000,25.000000,-24.999990,-0.400000,-25.000010,25.000011,0.000000,-24.999987,-24.999998,0.000000,-25.000000,24.999983,0.000000,25.000015,25.000000,-0.400000,-24.999998,25.000011,0.000000,-24.999987,24.999983,0.000000,25.000015,25.000000,-0.400000,25.000000,24.999983,0.000000,25.000015,-25.000004,-0.400000,24.999996,-25.000004,-0.400000,24.999996,-25.000010,0.000000,24.999990,-24.999990,-0.400000,-25.000010,25.000011,0.000000,-24.999987,25.000000,-0.400000,-24.999998,-24.999998,0.000000,-25.000000,-25.000004,-0.400000,24.999996,-25.000010,0.000000,24.999990,25.000000,-0.400000,25.000000,25.000000,-0.400000,-24.999998,24.999983,0.000000,25.000015,24.999983,0.000000,25.000015,-25.000010,0.000000,24.999990,-25.000004,-0.400000,24.999996,-25.000010,0.000000,24.999990,-24.999998,0.000000,-25.000000,-24.999990,-0.400000,-25.000010,25.000000,-0.400000,-24.999998,-24.999990,-0.400000,-25.000010,0.000000,0.000000,0.000000],
"indices":[0,1,2,3,4,5,6,7,8,9,10,11,12,13,14,15,16,17,1,18,2,4,19,5,20,21,22,23,24,25,26,27,28,29,30,31],
"texcoords":[],
"normals":[0.000000,-1.000000,-0.000000,0.000000,-1.000000,-0.000000,0.000000,-1.000000,-0.000000,0.000000,1.000000,0.000000,0.000000,1.000000,0.000000,0.000000,1.000000,0.000000,1.000000,-0.000027,0.000001,1.000000,-0.000027,0.000001,1.000000,-0.000027,0.000001,-0.000000,-0.000038,1.000000,-0.000000,-0.000038,1.000000,-0.000000,-0.000038,1.000000,-1.000000,-0.000012,-0.000000,-1.000000,-0.000012,-0.000000,-1.000000,-0.000012,-0.000000,0.000000,0.000029,-1.000000,0.000000,0.000029,-1.000000,0.000000,0.000029,-1.000000,0.000000,-1.000000,-0.000000,0.000000,1.000000,0.000000,1.000000,0.000046,0.000000,1.000000,0.000046,0.000000,1.000000,0.000046,0.000000,-0.000001,0.000014,1.000000,-0.000001,0.000014,1.000000,-0.000001,0.000014,1.000000,-1.000000,-0.000019,-0.000000,-1.000000,-0.000019,-0.000000,-1.000000,-0.000019,-0.000000,0.000000,0.000024,-1.000000,0.000000,0.000024,-1.000000,0.000000,0.000024,-1.000000]}