{"verts":[20.000000,-0.400000,-14.999999,20.000000,-0.400000,15.000000,-19.999992,-0.400000,-15.000006,20.000010,0.000000,-14.999992,-19.999998,0.000000,-15.000000,19.999987,0.000000,15.000009,20.000000,-0.400000,-14.999999,20.000010,0.000000,-14.999992,20.000000,-0.400000,15.000000,20.000000,-0.400000,15.000000,19.999987,0.000000,15.000009,-20.000008,0.000000,14.999994,-20.000002,-0.400000,14.999997,-20.000008,0.000000,14.999994,-19.999998,0.000000,-15.000000,20.000010,0.000000,-14.999992,20.000000,-0.400000,-14.999999,-19.999992,-0.400000,-15.000006,-20.000002,-0.400000,14.999997,-20.000008,0.000000,14.999994,-20.000002,-0.400000,14.999997,20.000000,-0.400000,15.000000,-20.000008,0.000000,14.999994,-19.999992,-0.400000,-15.000006,-19.999998,0.000000,-15.000000,20.000010,0.000000,-14.999992,-19.999992,-0.400000,-15.000006,20.000010,0.000000,-14.999992,19.999987,0.000000,15.000009,20.000000,-0.400000,15.000000],
"indices":[0,1,2,3,4,5,6,7,8,9,10,11,12,13,14,15,16,17,1,18,2,4,19,5,20,21,22,23,12,14,24,25,26,27,28,29],
"texcoords":[0.500000,0.500000,1.000000,0.500000,0.500000,1.000000,0.000000,1.000000,0.000000,0.500000,0.500000,1.000000,0.500000,0.500000,0.000000,0.500000,0.500000,0.000000,1.000000,1.500000,0.500000,1.500000,0.500000,1.000000,0.000000,1.000000,0.500000,1.000000,0.500000,1.500000,0.500000,0.000000,1.000000,0.000000,1.000000,0.500000,1.000000,1.000000,0.500000,0.500000,1.000000,1.000000,1.000000,1.500000,0.500000,1.000000,0.000000,1.500000,0.500000,0.500000,0.500000,0.000000,1.000000,0.500000,0.000000,0.500000,0.000000,0.000000,0.500000,0.000000],
"normals":[0.000000,-1.000000,0.000000,0.000000,-1.000000,0.000000,0.000000,-1.000000,0.000000,0.000000,1.000000,0.000000,0.000000,1.000000,0.000000,0.000000,1.000000,0.000000,1.000000,-0.000010,0.000000,1.000000,-0.000010,0.000000,1.000000,-0.000010,0.000000,-0.000000,-0.000021,1.000000,-0.000000,-0.000021,1.000000,-0.000000,-0.000021,1.000000,-1.000000,-0.000020,-0.000000,-1.000000,-0.000020,-0.000000,-1.000000,-0.000020,-0.000000,0.000000,0.000017,-1.000000,0.000000,0.000017,-1.000000,0.000000,0.000017,-1.000000,0.000000,-1.000000,0.000000,0.000000,1.000000,0.000000,-0.000000,0.000007,1.000000,-0.000000,0.000007,1.000000,-0.000000,0.000007,1.000000,-1.000000,-0.000020,-0.000000,0.000000,0.000014,-1.000000,0.000000,0.000014,-1.000000,0.000000,0.000014,-1.000000,1.000000,0.000029,0.000001,1.000000,0.000029,0.000001,1.000000,0.000029,0.000001]}