{"verts":[0.000000,1.600000,-0.700000,0.000000,7.600000,-0.700000,0.606218,7.600000,-0.350000,0.606218,1.600000,-0.350000,0.606218,7.600000,0.350000,0.606218,1.600000,0.350000,-0.000000,1.600000,0.700000,-0.000000,7.600000,0.700000,-0.606218,7.600000,0.350000,-0.606218,1.600000,-0.350000,-0.606218,7.600000,-0.350000,0.707107,1.600000,-0.707107,-0.606218,1.600000,0.350000,0.000000,0.000000,-1.000000,0.000000,1.600000,-1.000000,0.195090,1.600000,-0.980785,0.195090,0.000000,-0.980785,0.382683,1.600000,-0.923880,0.382683,0.000000,-0.923880,0.555570,1.600000,-0.831470,0.555570,0.000000,-0.831470,0.707107,0.000000,-0.707107,0.831470,1.600000,-0.555570,0.831470,0.000000,-0.555570,0.923880,1.600000,-0.382683,0.923880,0.000000,-0.382683,0.980785,1.600000,-0.195090,0.980785,0.000000,-0.195090,1.000000,1.600000,-0.000000,1.000000,0.000000,-0.000000,0.980785,1.600000,0.195090,0.980785,0.000000,0.195090,0.923880,1.600000,0.382683,0.923880,0.000000,0.382683,0.831470,1.600000,0.555570,0.831470,0.000000,0.555570,0.707107,1.600000,0.707107,0.707107,0.000000,0.707107,0.555570,1.600000,0.831470,0.555570,0.000000,0.831470,0.382683,1.600000,0.923880,0.382683,0.000000,0.923880,0.195090,1.600000,0.980785,0.195090,0.000000,0.980785,-0.000000,0.000000,1.000000,-0.000000,1.600000,1.000000,-0.195091,1.600000,0.980785,-0.195091,0.000000,0.980785,-0.382684,1.600000,0.923879,-0.382684,0.000000,0.923879,-0.555571,1.600000,0.831469,-0.555571,0.000000,0.831469,-0.707107,1.600000,0.707106,-0.707107,0.000000,0.707106,-0.831470,1.600000,0.555570,-0.831470,0.000000,0.555570,-0.923880,1.600000,0.382683,-0.923880,0.000000,0.382683,-0.980785,1.600000,0.195089,-0.980785,0.000000,0.195089,-1.000000,1.600000,-0.000001,-1.000000,0.000000,-0.000001,-0.980785,1.600000,-0.195091,-0.980785,0.000000,-0.195091,-0.923879,1.600000,-0.382684,-0.923879,0.000000,-0.382684,-0.831469,1.600000,-0.555571,-0.831469,0.000000,-0.555571,-0.707106,1.600000,-0.707108,-0.707106,0.000000,-0.707108,-0.555569,1.600000,-0.831470,-0.555569,0.000000,-0.831470,-0.382682,1.600000,-0.923880,-0.195089,1.600000,-0.980786,-0.195089,0.000000,-0.980786,-0.382682,0.000000,-0.923880,1.000000,7.600000,-1.000000,1.000000,7.600000,1.000000,-1.000000,7.600000,1.000000,1.000000,8.200000,-0.999999,-1.000000,8.200000,-1.000000,0.999999,8.200000,1.000001,-1.000000,8.200000,1.000000,-1.000000,7.600000,-1.000000],
"indices":[0,1,2,3,2,4,5,4,6,6,7,8,2,1,4,9,10,11,12,8,10,0,3,9,13,14,15,16,15,17,18,17,19,20,19,11,21,11,22,23,22,24,25,24,26,27,26,28,29,28,30,31,30,32,33,32,34,35,34,36,37,36,38,39,38,40,41,40,42,43,42,44,44,45,46,47,46,48,49,48,50,51,50,52,53,52,54,55,54,56,57,56,58,59,58,60,61,60,62,63,62,64,65,64,66,67,66,68,69,68,70,71,70,72,17,15,73,74,73,13,75,72,73,13,16,74,76,77,78,79,80,81,76,79,77,77,81,78,78,82,83,79,76,80,3,0,2,5,3,4,82,80,83,12,6,8,1,10,60,10,8,58,43,47,69,0,9,21,9,12,10,3,5,6,9,3,6,12,9,71,16,13,15,18,16,17,20,18,19,21,20,11,23,21,22,25,23,24,27,25,26,29,27,28,31,29,30,33,31,32,35,33,34,37,35,36,39,37,38,41,39,40,43,41,42,73,14,13,47,44,46,49,47,48,51,49,50,53,51,52,55,53,54,57,55,56,59,57,58,61,59,60,63,61,62,65,63,64,67,65,66,69,67,68,71,69,70,75,71,72,68,66,64,64,17,73,29,31,33,70,68,73,68,64,73,36,34,32,64,62,17,62,60,17,60,58,17,17,58,54,21,23,25,54,52,17,52,50,48,17,52,48,42,46,45,42,48,46,17,48,42,38,42,40,36,42,38,42,36,32,18,20,21,42,32,28,47,63,65,26,42,28,24,42,26,19,17,11,17,42,11,42,24,11,27,29,33,58,56,54,74,75,73,16,18,74,74,18,21,73,72,70,74,21,25,15,14,73,25,27,74,33,35,37,33,74,27,74,33,37,32,30,28,59,55,57,53,55,51,74,37,75,37,39,75,39,41,43,75,39,43,47,43,44,75,43,69,49,51,59,55,59,51,59,47,49,63,59,61,63,47,59,71,75,69,24,22,11,69,47,65,42,45,44,65,67,69,83,76,78,79,81,77,4,7,6,76,83,80,8,7,4,80,82,81,81,82,78],
"texcoords":[],
"normals":[]}