{"verts":[-8.372683,8.364446,8.368561,-8.372684,8.364435,-8.368567,-8.364439,-8.372670,8.368570,8.364441,8.372693,8.368557,8.372681,-8.364448,-8.368559,8.364439,8.372676,-8.368572,-8.372683,8.364446,8.368561,8.364439,8.372676,-8.368572,-8.372684,8.364435,-8.368567,-8.372684,8.364435,-8.368567,8.372681,-8.364448,-8.368559,-8.364441,-8.372685,-8.368557,-8.364441,-8.372685,-8.368557,8.372681,-8.364448,-8.368559,-8.364439,-8.372670,8.368570,8.364441,8.372693,8.368557,-8.364439,-8.372670,8.368570,8.372684,-8.364435,8.368567,8.372684,-8.364435,8.368567,8.372681,-8.364448,-8.368559,8.364441,8.372693,8.368557,8.364441,8.372693,8.368557,8.364439,8.372676,-8.368572,-8.372683,8.364446,8.368561,8.364439,8.372676,-8.368572,-8.364439,-8.372670,8.368570,-8.372684,8.364435,-8.368567,-8.364441,-8.372685,-8.368557,-8.372683,8.364446,8.368561,8.372684,-8.364435,8.368567],
"indices":[0,1,2,3,4,5,6,7,8,9,10,11,12,13,14,15,16,17,18,19,20,21,22,23,24,10,9,25,26,27,28,16,15,14,13,29],
"texcoords":[0.499805,0.666638,0.250113,0.666638,0.499805,0.333362,0.749497,0.666638,0.999189,0.333362,0.999189,0.666637,0.499805,0.666638,0.749496,0.999913,0.499805,0.999913,0.250113,0.666638,0.000421,0.333362,0.250113,0.333362,0.499805,0.000087,0.749497,0.000087,0.499805,0.333362,0.749497,0.666638,0.499805,0.333362,0.749497,0.333362,0.749497,0.333362,0.999189,0.333362,0.749497,0.666638,0.749497,0.666638,0.749496,0.999913,0.499805,0.666638,0.000421,0.666637,0.499805,0.333362,0.250113,0.666638,0.250113,0.333362,0.499805,0.666638,0.749497,0.333362],
"normals":[-1.000000,-0.000493,0.000000,-1.000000,-0.000493,0.000000,-1.000000,-0.000493,0.000000,1.000000,0.000492,-0.000000,1.000000,0.000492,-0.000000,1.000000,0.000492,-0.000000,-0.000492,1.000000,-0.000001,-0.000492,1.000000,-0.000001,-0.000492,1.000000,-0.000001,0.000000,-0.000001,-1.000000,0.000000,-0.000001,-1.000000,0.000000,-0.000001,-1.000000,0.000492,-1.000000,0.000001,0.000492,-1.000000,0.000001,0.000492,-1.000000,0.000001,0.000000,0.000001,1.000000,0.000000,0.000001,1.000000,0.000000,0.000001,1.000000,1.000000,0.000493,-0.000000,1.000000,0.000493,-0.000000,1.000000,0.000493,-0.000000,-0.000493,1.000000,-0.000001,-0.000493,1.000000,-0.000001,-0.000493,1.000000,-0.000001,0.000000,-0.000001,-1.000000,-1.000000,-0.000492,0.000000,-1.000000,-0.000492,0.000000,-1.000000,-0.000492,0.000000,0.000000,0.000001,1.000000,0.000492,-1.000000,0.000001]}