{"verts":[8.368564,-8.364439,-8.372684,8.368567,8.372680,-8.364440,-8.368563,-8.364439,-8.372684,8.368560,-8.372688,8.364439,-8.368567,-8.372681,8.364439,8.368562,8.364439,8.372684,-8.368563,-8.364439,-8.372684,-8.368562,8.372684,-8.364439,-8.368567,-8.372681,8.364439,-8.368562,8.372684,-8.364439,-8.368561,8.364443,8.372684,-8.368561,8.364443,8.372684,-168804116313372500000000000000000000000.000000,-96.876701,-25314.380859,-8.368567,-8.372681,8.364439,0.000000,0.000000,0.000000,-8.368561,8.364443,8.372684,0.000000,0.000000,0.000000],
"indices":[0,1,2,3,4,5,0,6,3,2,7,8,9,1,10,3,5,0,1,7,2,4,11,12,6,13,14,7,15,16,1,5,10,5,1,0],
"texcoords":[0.499805,0.666638,0.499805,0.333362,0.250113,0.666638,0.749497,0.666638,0.999189,0.666637,0.749497,0.333362,0.499805,0.999913,0.250113,0.333362,0.000421,0.666637,0.499805,0.000087,0.749497,0.000087,0.999189,0.333362,0.749497,0.333362,0.749496,0.999913,0.749497,0.666638,0.000421,0.333362,0.000421,0.666637],
"normals":[]}