{"verts":[8.368564,-8.364439,-8.372684,8.368567,8.372680,-8.364440,-8.368562,8.372684,-8.364439,8.368560,-8.372688,8.364439,-8.368567,-8.372681,8.364439,-8.368561,8.364443,8.372684,8.368564,-8.364439,-8.372684,-8.368563,-8.364439,-8.372684,8.368560,-8.372688,8.364439,-8.368563,-8.364439,-8.372684,-8.368562,8.372684,-8.364439,-8.368567,-8.372681,8.364439,-8.368562,8.372684,-8.364439,8.368567,8.372680,-8.364440,8.368562,8.364439,8.372684,8.368560,-8.372688,8.364439,8.368562,8.364439,8.372684,8.368564,-8.364439,-8.372684,-8.368563,-8.364439,-8.372684,8.368562,8.364439,8.372684,-8.368562,8.372684,-8.364439,-8.368561,8.364443,8.372684,-8.368567,-8.372681,8.364439,-8.368561,8.364443,8.372684,-8.368562,8.372684,-8.364439,8.368562,8.364439,8.372684,-8.368563,-8.364439,-8.372684,-8.368567,-8.372681,8.364439,8.368560,-8.372688,8.364439,8.368567,8.372680,-8.364440],
"indices":[0,1,2,3,4,5,6,7,8,9,10,11,12,13,14,15,16,17,18,0,2,19,3,5,20,21,22,23,24,25,26,27,28,16,29,17],
"texcoords":[0.499805,0.666638,0.499805,0.333362,0.250113,0.333362,0.749497,0.666638,0.999189,0.666637,0.999189,0.333362,0.499805,0.666638,0.499805,0.999913,0.749497,0.666638,0.250113,0.666638,0.250113,0.333362,0.000421,0.666637,0.499805,0.000087,0.499805,0.333362,0.749497,0.333362,0.749497,0.666638,0.749497,0.333362,0.499805,0.666638,0.250113,0.666638,0.749497,0.333362,0.250113,0.333362,0.000421,0.333362,0.000421,0.666637,0.749497,0.000087,0.499805,0.000087,0.749497,0.333362,0.499805,0.999913,0.749496,0.999913,0.749497,0.666638,0.499805,0.333362],
"normals":[-0.000000,-0.000493,1.000000,-0.000000,-0.000493,1.000000,-0.000000,-0.000493,1.000000,0.000000,0.000493,-1.000000,0.000000,0.000493,-1.000000,0.000000,0.000493,-1.000000,0.000000,1.000000,0.000493,0.000000,1.000000,0.000493,0.000000,1.000000,0.000493,1.000000,0.000000,0.000000,1.000000,0.000000,0.000000,1.000000,0.000000,0.000000,-0.000000,-1.000000,-0.000492,-0.000000,-1.000000,-0.000492,-0.000000,-1.000000,-0.000492,-1.000000,0.000000,-0.000000,-1.000000,0.000000,-0.000000,-1.000000,0.000000,-0.000000,-0.000000,-0.000493,1.000000,0.000000,0.000493,-1.000000,1.000000,-0.000001,-0.000000,1.000000,-0.000001,-0.000000,1.000000,-0.000001,-0.000000,-0.000000,-1.000000,-0.000493,-0.000000,-1.000000,-0.000493,-0.000000,-1.000000,-0.000493,0.000000,1.000000,0.000492,0.000000,1.000000,0.000492,0.000000,1.000000,0.000492,-1.000000,0.000000,-0.000000]}