{"verts":[-32.277874,32.246117,32.261986,-32.246094,-32.277836,32.262020,-32.277878,32.246078,-32.262012,32.246109,32.277912,32.261974,32.246101,32.277843,-32.262032,32.277874,-32.246132,-32.261978,-32.277874,32.246117,32.261986,-32.277878,32.246078,-32.262012,32.246101,32.277843,-32.262032,-32.277878,32.246078,-32.262012,-32.246101,-32.277893,-32.261974,32.277874,-32.246132,-32.261978,-32.246101,-32.277893,-32.261974,-32.246094,-32.277836,32.262020,32.277874,-32.246132,-32.261978,32.246109,32.277912,32.261974,32.277885,-32.246086,32.262012,-32.246094,-32.277836,32.262020,32.277885,-32.246086,32.262012,32.246109,32.277912,32.261974,32.277874,-32.246132,-32.261978,32.246109,32.277912,32.261974,-32.277874,32.246117,32.261986,32.246101,32.277843,-32.262032,32.246101,32.277843,-32.262032,-32.246094,-32.277836,32.262020,-32.246101,-32.277893,-32.261974,-32.277878,32.246078,-32.262012,-32.277874,32.246117,32.261986,32.277885,-32.246086,32.262012],
"indices":[0,1,2,3,4,5,6,7,8,9,10,11,12,13,14,15,16,17,18,19,20,21,22,23,24,9,11,25,26,27,28,15,17,13,29,14],
"texcoords":[0.499805,0.666638,0.499805,0.333362,0.250113,0.666638,0.749497,0.666638,0.999189,0.666637,0.999189,0.333362,0.499805,0.666638,0.499805,0.999913,0.749496,0.999913,0.250113,0.666638,0.250113,0.333362,0.000421,0.333362,0.499805,0.000087,0.499805,0.333362,0.749497,0.000087,0.749497,0.666638,0.749497,0.333362,0.499805,0.333362,0.749497,0.333362,0.749497,0.666638,0.999189,0.333362,0.749497,0.666638,0.499805,0.666638,0.749496,0.999913,0.000421,0.666637,0.499805,0.333362,0.250113,0.333362,0.250113,0.666638,0.499805,0.666638,0.749497,0.333362],
"normals":[1.000000,0.000493,-0.000000,1.000000,0.000493,-0.000000,1.000000,0.000493,-0.000000,-1.000000,-0.000493,0.000000,-1.000000,-0.000493,0.000000,-1.000000,-0.000493,0.000000,0.000492,-1.000000,0.000000,0.000492,-1.000000,0.000000,0.000492,-1.000000,0.000000,0.000000,0.000001,1.000000,0.000000,0.000001,1.000000,0.000000,0.000001,1.000000,-0.000492,1.000000,-0.000001,-0.000492,1.000000,-0.000001,-0.000492,1.000000,-0.000001,-0.000000,-0.000001,-1.000000,-0.000000,-0.000001,-1.000000,-0.000000,-0.000001,-1.000000,-1.000000,-0.000492,0.000000,-1.000000,-0.000492,0.000000,-1.000000,-0.000492,0.000000,0.000493,-1.000000,0.000001,0.000493,-1.000000,0.000001,0.000493,-1.000000,0.000001,0.000000,0.000001,1.000000,1.000000,0.000492,-0.000000,1.000000,0.000492,-0.000000,1.000000,0.000492,-0.000000,-0.000000,-0.000001,-1.000000,-0.000492,1.000000,-0.000001]}