{"verts":[8.368564,-8.364439,-8.372684,8.368567,8.372680,-8.364440,-8.368562,8.372684,-8.364439,8.368560,-8.372688,8.364439,-8.368567,-8.372681,8.364439,-8.368561,8.364443,8.372684,-8.368563,-8.364439,-8.372684,-8.368563,-8.364439,-8.372684,-8.368567,-8.372681,8.364439,-8.368562,8.372684,-8.364439,8.368562,8.364439,8.372684,0.000000,0.000000,0.000000,-8.368561,8.364443,8.372684,0.000000,0.000000,0.000000,-8.368561,8.364443,8.372684,0.000000,-2083329158824572500000.000000,-542822069649900570000000.000000,-8.368567,-8.372681,8.364439,0.000000,0.000000,0.000000],
"indices":[0,1,2,3,4,5,0,6,3,7,2,8,9,1,10,3,10,11,7,0,2,10,3,5,2,12,13,14,9,15,6,16,17,10,1,0],
"texcoords":[0.499805,0.666638,0.499805,0.333362,0.250113,0.333362,0.749497,0.666638,0.999189,0.666637,0.999189,0.333362,0.499805,0.999913,0.250113,0.666638,0.000421,0.666637,0.499805,0.000087,0.749497,0.333362,0.499805,0.666638,0.000421,0.333362,0.000421,0.666637,0.749497,0.000087,0.749497,0.333362,0.749496,0.999913,0.749497,0.666638],
"normals":[]}